type,grape,country,region,memo,清澄度,輝き,色調,濃淡,粘性,外観の印象,第一印象,第一アロマ,第二アロマ,第三アロマ,香りの印象,アタック,甘み,酸味,タンニン分,苦味,バランス,アルコール,余韻,評価,適正温度,グラス
white,シャルドネ,日本,,出題：2023年 日本,澄んだ,輝きのある,グリーンがかった、レモンイエロー,淡い、やや濃い,やや強い,若々しい、成熟度が高い,開いている、フレッシュな、複雑な,青リンゴ、リンゴ、洋梨、白桃、スイカズラ、アカシア、白バラ、キンモクセイ、石灰、コリアンダーシード,パン・ドゥ・ミ、乳製品,ヘーゼルナッツ、フレッシュ・アーモンド、トースト、煙・燻製、ヴァニラ,若々しい、ニュートラル、木樽からのニュアンス,やや軽い、やや強い,ドライ、ソフトな,爽やかな、なめらかな,,穏やかな、コク（深み）を与える,スムーズな、まろやかな、厚みのある,12.0 - 12.9%,やや短い、やや長い,エレガントで、ミネラリー／滑らかで、バランスが良い,8 - 10度、11 - 14度,中庸
white,シャルドネ,フランス,,出題：2022年 フランス,澄んだ,輝きのある,グリーンがかった、イエロー,やや濃い,適度な,若々しい、成熟度が高い,控えめ、フレッシュな、ミネラリー,柑橘類、青リンゴ、リンゴ、洋梨、石灰、貝殻、海の香り,パン・ドゥ・ミ、乳製品,フレッシュ・アーモンド、トースト,若々しい、第1アロマが強い、ニュートラル,やや軽い,ドライ,爽やかな、軽やかな,,控えめ、穏やかな,スリムな、ドライな,12.0 - 12.9%,やや短い、やや長い,シンプル、フレッシュ感を楽しむ／エレガントで、ミネラリー,8度未満、8 - 10度,小ぶり、バルーン型
white,ソーヴィニヨン・ブラン,フランス,,出題：2024年 フランス,澄んだ,輝きのある,グリーンがかった、レモンイエロー,淡い,適度な,若々しい、軽快な,フレッシュな、ミネラリー、華やかな,柑橘類、青リンゴ、リンゴ、スイカズラ、アカシア、白バラ、キンモクセイ、柑橘類の花、ヴェルヴェーヌ、ハーブ、石灰、火打石、コリアンダーシード,パン・ドゥ・ミ,花の蜜,若々しい、第1アロマが強い,やや軽い,ドライ,爽やかな、軽やかな、はつらつとした,,控えめ,スリムな、ドライな、抑制された,12.0 - 12.9%,やや長い,シンプル、フレッシュ感を楽しむ／エレガントで、ミネラリー,8度未満、8 - 10度,小ぶり、チューリップ型
white,ソーヴィニヨン・ブラン,チリ,,出題：2021年 チリ,澄んだ,輝きのある,グリーンがかった、レモンイエロー,淡い,やや軽い,若々しい、軽快な,開いている、フレッシュな、チャーミング,柑橘類、青リンゴ、パッションフルーツ、スイカズラ、ミント、ヴェルヴェーヌ、草のような、石灰、火打石、貝殻、鉱物、コリアンダーシード,パン・ドゥ・ミ、硫黄,丁子,若々しい、嫌気的な、第1アロマが強い、第2アロマが強い,やや軽い,ドライ,爽やかな、はつらつとした、クリスプな,,控えめ、穏やかな,スリムな、スムーズな、ドライな,11.0 - 11.9%、12.0 - 12.9%,やや長い,シンプル、フレッシュ感を楽しむ,8度未満、8 - 10度,小ぶり
white,リースリング,オーストラリア,,出題：2023年 オーストラリア,澄んだ,輝きのある,グリーンがかった、レモンイエロー,淡い,適度な,若々しい、軽快な,フレッシュな、華やかな,柑橘類、青リンゴ、リンゴ、スイカズラ、柑橘類の花、菩提樹、火打石、鉱物、コリアンダーシード,,花の蜜、ペトロール（ケロセン）、ワックス,若々しい、第1アロマが強い,やや軽い,ドライ,爽やかな、直線的,,控えめ,スリムな、ドライな、抑制された,12.0 - 12.9%,やや長い,シンプル、フレッシュ感を楽しむ,8度未満,小ぶり、チューリップ型
white,リースリング,ドイツ,,出題：2021年 ドイツ,澄んだ,輝きのある,グリーンがかった、レモンイエロー,淡い,さらっとした、やや軽い,若々しい、軽快な、気泡が見える,控えめ、フレッシュな、豊かな、深みのある,柑橘類、青リンゴ、リンゴ、スイカズラ、菩提樹、ヴェルヴェーヌ、火打石、鉱物、コリアンダーシード,,煙・燻製、香木、花の蜜、ペトロール（ケロセン）、ワックス、蜜蝋,若々しい、嫌気的な、第1アロマが強い、第2アロマが強い,軽い、やや軽い,ドライ、ソフトな,爽やかな、軽やかな、はつらつとした,,穏やかな,スリムな、ドライな、引き締まった,11.0 - 11.9%、12.0 - 12.9%,やや長い,シンプル、フレッシュ感を楽しむ／エレガントで、ミネラリー,8度未満、8 - 10度,小ぶり
white,ミュスカデ,フランス,,出題：2021年 フランス,澄んだ,輝きのある,グリーンがかった、レモンイエロー、イエロー,淡い、やや濃い,やや軽い、やや強い,若々しい、軽快な、成熟度が高い、気泡が見える,控えめ、フレッシュな、熟度の高い,柑橘類、青リンゴ、リンゴ、スイカズラ、石灰、貝殻,パン・ドゥ・ミ,フレッシュ・アーモンド、トースト,若々しい、ニュートラル,やや軽い,ドライ、ソフトな,爽やかな、はつらつとした、クリスプな,,穏やかな、コク（深み）を与える,スリムな、スムーズな、ドライな,11.0 - 11.9%、12.0 - 12.9%,やや短い、やや長い,シンプル、フレッシュ感を楽しむ／滑らかで、バランスが良い,8度未満、8 - 10度,小ぶり
white,甲州,日本,,出題：2024年 日本,澄んだ,輝きのある,レモンイエロー、オレンジ（グリ）を帯びた,淡い,さらっとした、適度な,若々しい、軽快な,控えめ、フレッシュな,柑橘類、リンゴ、洋梨、アカシア、鉱物,パン・ドゥ・ミ,フレッシュ・アーモンド、トースト、シナモン、丁子,若々しい、第1アロマが強い,軽い、やや軽い,ソフトな,軽やかな,,穏やかな、旨みをともなった、強い（突出した）,コンパクトな、まろやかな,12.0 - 12.9%,やや短い,シンプル、フレッシュ感を楽しむ,8度未満,小ぶり、チューリップ型
white,アリゴテ,フランス,,出題：2016年 フランス,澄んだ,輝きのある,グリーンがかった、レモンイエロー,淡い,やや軽い,若々しい、軽快な,閉じている、控えめ,柑橘類、青リンゴ、リンゴ、スイカズラ、ヴェルヴェーヌ、貝殻、石灰、火打石,,,若々しい、ニュートラル,やや軽い,ドライ,爽やかな、軽やかな、しっかりした,,控えめ、穏やかな,スリムな、溌剌とした、ドライな,11.0 - 11.9%,やや短い,シンプル、フレッシュ感を楽しむ,8 - 10度,小ぶり
